{"1": {"train_loss": 0.7075064859042565, "train_acc": 54.35606066385905, "val_loss": 0.6775524020195007, "val_acc": 62.77901840209961}, "2": {"train_loss": 0.6599738113582134, "train_acc": 61.097301165262856, "val_loss": 0.7079307436943054, "val_acc": 50.76264953613281}, "3": {"train_loss": 0.6483672562365731, "train_acc": 62.72490533192953, "val_loss": 0.6720361113548279, "val_acc": 62.146575927734375}, "4": {"train_loss": 0.6720817498862743, "train_acc": 62.28397254149119, "val_loss": 0.6390718817710876, "val_acc": 68.9360122680664}, "5": {"train_loss": 0.6697743196661273, "train_acc": 62.923177083333336, "val_loss": 0.6377602219581604, "val_acc": 64.62053680419922}, "6": {"train_loss": 0.6916884013141195, "train_acc": 61.828243374824524, "val_loss": 0.6441216468811035, "val_acc": 61.904762268066406}, "7": {"train_loss": 0.6908024167641997, "train_acc": 62.13304924964905, "val_loss": 0.6253882646560669, "val_acc": 66.90848541259766}, "8": {"train_loss": 0.6993810059502721, "train_acc": 61.609256625175476, "val_loss": 0.7122468948364258, "val_acc": 53.4226188659668}, "9": {"train_loss": 0.7003303822129965, "train_acc": 62.21590908368429, "val_loss": 0.6214351058006287, "val_acc": 66.57366180419922}, "10": {"train_loss": 0.7390731824561954, "train_acc": 59.537760416666664, "val_loss": 0.6070278882980347, "val_acc": 74.31175994873047}, "11": {"train_loss": 0.6834591974814733, "train_acc": 62.70123108228048, "val_loss": 0.6564192771911621, "val_acc": 63.1882438659668}, "12": {"train_loss": 0.7235549887021383, "train_acc": 61.81640625, "val_loss": 0.5963572859764099, "val_acc": 70.5543212890625}, "13": {"train_loss": 0.7354344644894203, "train_acc": 61.04995266596476, "val_loss": 0.6194660067558289, "val_acc": 67.63392639160156}, "14": {"train_loss": 0.7307836978385845, "train_acc": 60.34564399719238, "val_loss": 0.777558445930481, "val_acc": 42.52232360839844}, "15": {"train_loss": 0.7270548871407906, "train_acc": 61.564867417017616, "val_loss": 0.6816427707672119, "val_acc": 56.90104293823242}, "16": {"train_loss": 0.7523576157788435, "train_acc": 60.05563449859619, "val_loss": 0.5694419741630554, "val_acc": 71.46577453613281}, "17": {"train_loss": 0.7373816836625338, "train_acc": 60.65932766596476, "val_loss": 0.6278795003890991, "val_acc": 65.30878448486328}, "18": {"train_loss": 0.744034289692839, "train_acc": 59.74786933263143, "val_loss": 0.613909125328064, "val_acc": 63.61607360839844}, "19": {"train_loss": 0.7569655965392789, "train_acc": 61.20679450035095, "val_loss": 0.7069791555404663, "val_acc": 52.864585876464844}, "20": {"train_loss": 0.7214971594512463, "train_acc": 61.55303033192953, "val_loss": 0.5837394595146179, "val_acc": 73.53050994873047}, "21": {"train_loss": 0.76305908896029, "train_acc": 60.36635891596476, "val_loss": 0.5820279121398926, "val_acc": 68.41517639160156}, "22": {"train_loss": 0.7666082338740429, "train_acc": 61.25710233052572, "val_loss": 0.6682896614074707, "val_acc": 56.770835876464844}, "23": {"train_loss": 0.7408322254195809, "train_acc": 60.774739583333336, "val_loss": 0.7963436841964722, "val_acc": 36.142112731933594}, "24": {"train_loss": 0.7767342471828064, "train_acc": 59.09682766596476, "val_loss": 0.6837043166160583, "val_acc": 56.91964340209961}, "25": {"train_loss": 0.7451156899333, "train_acc": 60.416666666666664, "val_loss": 0.7617980241775513, "val_acc": 39.267112731933594}, "26": {"train_loss": 0.7497018550833067, "train_acc": 60.662286957105, "val_loss": 0.7156335711479187, "val_acc": 54.57589340209961}, "27": {"train_loss": 0.7522075977176428, "train_acc": 60.08818658192953, "val_loss": 0.6923273801803589, "val_acc": 58.87276840209961}, "28": {"train_loss": 0.7513259602710605, "train_acc": 61.07954545815786, "val_loss": 0.7225701212882996, "val_acc": 52.17634201049805}, "29": {"train_loss": 0.7481497492020329, "train_acc": 61.47017045815786, "val_loss": 0.786896824836731, "val_acc": 44.62425994873047}, "30": {"train_loss": 0.7591440804923574, "train_acc": 60.76882108052572, "val_loss": 0.6492977738380432, "val_acc": 63.988094329833984}, "31": {"train_loss": 0.7709380431721607, "train_acc": 60.904947916666664, "val_loss": 0.547844409942627, "val_acc": 70.87053680419922}, "32": {"train_loss": 0.7712749770532051, "train_acc": 60.691879749298096, "val_loss": 0.6745352745056152, "val_acc": 60.286460876464844}, "33": {"train_loss": 0.7659642770886421, "train_acc": 60.42554450035095, "val_loss": 0.6140440702438354, "val_acc": 69.06622314453125}, "34": {"train_loss": 0.7815487055728833, "train_acc": 60.05563449859619, "val_loss": 0.6375985741615295, "val_acc": 62.90922546386719}, "35": {"train_loss": 0.7516453762849172, "train_acc": 60.58238637447357, "val_loss": 0.7596451044082642, "val_acc": 42.11309814453125}, "36": {"train_loss": 0.7842652273053924, "train_acc": 59.730113665262856, "val_loss": 0.6940154433250427, "val_acc": 56.1569938659668}, "37": {"train_loss": 0.7695633626232544, "train_acc": 59.10570549964905, "val_loss": 0.5848181247711182, "val_acc": 70.64732360839844}, "38": {"train_loss": 0.7913905456662178, "train_acc": 58.76834754149119, "val_loss": 0.6839361190795898, "val_acc": 56.956844329833984}, "39": {"train_loss": 0.756202632561326, "train_acc": 60.851680874824524, "val_loss": 0.6785567998886108, "val_acc": 57.459075927734375}, "40": {"train_loss": 0.7685465766116977, "train_acc": 61.458333333333336, "val_loss": 0.7032601833343506, "val_acc": 55.189735412597656}, "41": {"train_loss": 0.7991384866957864, "train_acc": 58.91335233052572, "val_loss": 0.6336306929588318, "val_acc": 65.29017639160156}, "42": {"train_loss": 0.7787857092916965, "train_acc": 59.04356066385905, "val_loss": 0.6273717880249023, "val_acc": 64.2485122680664}, "43": {"train_loss": 0.77000024728477, "train_acc": 61.09434191385905, "val_loss": 0.6381584405899048, "val_acc": 63.913692474365234}, "44": {"train_loss": 0.7652289876714349, "train_acc": 61.283735831578575, "val_loss": 0.6686437129974365, "val_acc": 60.732887268066406}, "45": {"train_loss": 0.7710927439232668, "train_acc": 60.06747158368429, "val_loss": 0.6829581260681152, "val_acc": 56.41741180419922}, "46": {"train_loss": 0.7914020059009393, "train_acc": 59.72715441385905, "val_loss": 0.6424455046653748, "val_acc": 66.18303680419922}, "47": {"train_loss": 0.7880375552922487, "train_acc": 58.30078125, "val_loss": 0.7976722121238708, "val_acc": 39.36012268066406}, "48": {"train_loss": 0.7606177541116873, "train_acc": 60.04083808263143, "val_loss": 0.7595289945602417, "val_acc": 50.33482360839844}, "49": {"train_loss": 0.7899031136184931, "train_acc": 60.07930874824524, "val_loss": 0.6607634425163269, "val_acc": 61.79315948486328}, "50": {"train_loss": 0.7877681062867244, "train_acc": 58.836410999298096, "val_loss": 0.7160578966140747, "val_acc": 55.46875}}