{"0": {"train_loss": 0.4662035886318453, "train_acc": 49.05913986698274, "val_loss": 0.460269957780838, "val_acc": 70.76612854003906}, "1": {"train_loss": 0.4670026408087823, "train_acc": 45.79973122381395, "val_loss": 0.4602697491645813, "val_acc": 69.2540283203125}, "2": {"train_loss": 0.4666192022062117, "train_acc": 48.62231186897524, "val_loss": 0.46026965975761414, "val_acc": 67.20909881591797}, "3": {"train_loss": 0.46442709334435, "train_acc": 47.043010834724676, "val_loss": 0.4602697491645813, "val_acc": 63.4936637878418}, "4": {"train_loss": 0.4546297884756519, "train_acc": 49.63037638510427, "val_loss": 0.4602697193622589, "val_acc": 61.9815673828125}}