{"22": {"train_loss": 0.7225068509578705, "train_acc": 51.536458333333336, "val_loss": 0.6645006537437439, "val_acc": 68.59624481201172}, "23": {"train_loss": 0.7189836819966634, "train_acc": 53.463541666666664, "val_loss": 0.6617685556411743, "val_acc": 69.14685821533203}, "24": {"train_loss": 0.7073987305164338, "train_acc": 54.713541666666664, "val_loss": 0.6614332795143127, "val_acc": 70.29171752929688}, "25": {"train_loss": 0.7068556904792785, "train_acc": 54.244791666666664, "val_loss": 0.6623382568359375, "val_acc": 70.25640106201172}, "26": {"train_loss": 0.711697655916214, "train_acc": 53.802083333333336, "val_loss": 0.6627120971679688, "val_acc": 69.83045196533203}, "27": {"train_loss": 0.7078234334786733, "train_acc": 55.026041666666664, "val_loss": 0.6575295925140381, "val_acc": 70.58468627929688}, "28": {"train_loss": 0.6921335339546204, "train_acc": 56.380208333333336, "val_loss": 0.6619352698326111, "val_acc": 69.99874877929688}, "29": {"train_loss": 0.6998300373554229, "train_acc": 54.557291666666664, "val_loss": 0.6608175039291382, "val_acc": 69.08452606201172}, "30": {"train_loss": 0.712257033586502, "train_acc": 53.90625, "val_loss": 0.6609098315238953, "val_acc": 69.21749877929688}}