{"1": {"train_loss": 0.7638082777460417, "train_acc": 49.13917827606201, "val_loss": 0.7717140913009644, "val_acc": 40.829612731933594}, "2": {"train_loss": 0.7625467789669832, "train_acc": 50.09524496396383, "val_loss": 0.7397451400756836, "val_acc": 40.811012268066406}, "3": {"train_loss": 0.7448344590763251, "train_acc": 50.72458529472351, "val_loss": 0.7172616720199585, "val_acc": 40.77381134033203}, "4": {"train_loss": 0.7411002852022648, "train_acc": 51.059751192728676, "val_loss": 0.7002365589141846, "val_acc": 46.68899154663086}, "5": {"train_loss": 0.719401034216086, "train_acc": 54.24382718404134, "val_loss": 0.6899935603141785, "val_acc": 50.892860412597656}, "6": {"train_loss": 0.7403044799963633, "train_acc": 51.63363234202067, "val_loss": 0.6820952892303467, "val_acc": 56.91964340209961}, "7": {"train_loss": 0.7330287707348665, "train_acc": 51.470871925354004, "val_loss": 0.6816084384918213, "val_acc": 58.35193634033203}, "8": {"train_loss": 0.7327679892381033, "train_acc": 51.89163772265116, "val_loss": 0.6787752509117126, "val_acc": 61.10491180419922}, "9": {"train_loss": 0.731341884781917, "train_acc": 51.21648343404134, "val_loss": 0.677966833114624, "val_acc": 60.99330139160156}, "10": {"train_loss": 0.7356911686559519, "train_acc": 51.10074265797933, "val_loss": 0.6795699000358582, "val_acc": 60.342262268066406}, "11": {"train_loss": 0.7297429305811723, "train_acc": 52.01581788063049, "val_loss": 0.6781253814697266, "val_acc": 61.644344329833984}, "12": {"train_loss": 0.725308441867431, "train_acc": 53.28173224131266, "val_loss": 0.6789031028747559, "val_acc": 62.05357360839844}, "13": {"train_loss": 0.7216713676850001, "train_acc": 54.11964702606201, "val_loss": 0.6743320822715759, "val_acc": 65.04837036132812}, "14": {"train_loss": 0.7166178785264492, "train_acc": 52.172550201416016, "val_loss": 0.6646072864532471, "val_acc": 68.43378448486328}, "15": {"train_loss": 0.7227074230710665, "train_acc": 52.72593561808268, "val_loss": 0.6698946952819824, "val_acc": 66.74107360839844}, "16": {"train_loss": 0.7199270303050677, "train_acc": 52.728346824645996, "val_loss": 0.670444667339325, "val_acc": 66.87128448486328}, "17": {"train_loss": 0.7116752540071806, "train_acc": 53.7796585559845, "val_loss": 0.667414665222168, "val_acc": 69.21503448486328}, "18": {"train_loss": 0.7100626491010189, "train_acc": 54.42105515797933, "val_loss": 0.6728192567825317, "val_acc": 66.74107360839844}, "19": {"train_loss": 0.7179223075509071, "train_acc": 52.96826775868734, "val_loss": 0.6684950590133667, "val_acc": 68.30357360839844}, "20": {"train_loss": 0.7024508727093538, "train_acc": 55.2505304813385, "val_loss": 0.6685923337936401, "val_acc": 67.52232360839844}, "21": {"train_loss": 0.7024627725283304, "train_acc": 54.56934801737467, "val_loss": 0.6709842681884766, "val_acc": 66.35044860839844}, "22": {"train_loss": 0.7031995492676893, "train_acc": 54.06659913063049, "val_loss": 0.6708425283432007, "val_acc": 66.49925994873047}, "23": {"train_loss": 0.6982042901217937, "train_acc": 56.14149300257365, "val_loss": 0.671918511390686, "val_acc": 66.48065948486328}, "24": {"train_loss": 0.7035207003355026, "train_acc": 55.078125, "val_loss": 0.6691547632217407, "val_acc": 67.13169860839844}, "25": {"train_loss": 0.696691253532966, "train_acc": 55.31201775868734, "val_loss": 0.6703436374664307, "val_acc": 67.91294860839844}, "26": {"train_loss": 0.6939532632629076, "train_acc": 55.16734186808268, "val_loss": 0.6739694476127625, "val_acc": 66.35044860839844}, "27": {"train_loss": 0.6949203833937645, "train_acc": 54.92139275868734, "val_loss": 0.6663641929626465, "val_acc": 70.40550994873047}, "28": {"train_loss": 0.6906439190109571, "train_acc": 55.50733025868734, "val_loss": 0.6669031977653503, "val_acc": 69.75447082519531}, "29": {"train_loss": 0.6934124628702799, "train_acc": 56.52247301737467, "val_loss": 0.6696590781211853, "val_acc": 68.84300994873047}, "30": {"train_loss": 0.6785180481771628, "train_acc": 58.268229166666664, "val_loss": 0.6666016578674316, "val_acc": 70.79613494873047}, "31": {"train_loss": 0.6857135606308778, "train_acc": 56.97217400868734, "val_loss": 0.6671066284179688, "val_acc": 70.01488494873047}, "32": {"train_loss": 0.68119041249156, "train_acc": 57.88966051737467, "val_loss": 0.6659519076347351, "val_acc": 70.40550994873047}, "33": {"train_loss": 0.6850185555716356, "train_acc": 57.79562107721964, "val_loss": 0.6649997234344482, "val_acc": 71.05654907226562}, "34": {"train_loss": 0.6686047886808714, "train_acc": 59.673996925354004, "val_loss": 0.6646435260772705, "val_acc": 71.05654907226562}, "35": {"train_loss": 0.6795144155621529, "train_acc": 58.953028519948326, "val_loss": 0.6608717441558838, "val_acc": 71.96800994873047}, "36": {"train_loss": 0.6827578147252401, "train_acc": 57.61236492792765, "val_loss": 0.6609868407249451, "val_acc": 72.09822082519531}, "37": {"train_loss": 0.6736532660822073, "train_acc": 59.414785861968994, "val_loss": 0.6619073152542114, "val_acc": 71.81919860839844}, "38": {"train_loss": 0.6794307865202427, "train_acc": 57.445987701416016, "val_loss": 0.6689280867576599, "val_acc": 69.23363494873047}, "39": {"train_loss": 0.6650552215675513, "train_acc": 60.18639079729716, "val_loss": 0.6646857261657715, "val_acc": 70.38690948486328}, "40": {"train_loss": 0.6737026137610277, "train_acc": 59.02898343404134, "val_loss": 0.6645664572715759, "val_acc": 70.90774536132812}, "41": {"train_loss": 0.6685875530044237, "train_acc": 60.13575426737467, "val_loss": 0.6627947092056274, "val_acc": 72.22842407226562}, "42": {"train_loss": 0.6638572129110495, "train_acc": 60.28404704729716, "val_loss": 0.6611266136169434, "val_acc": 71.40997314453125}, "43": {"train_loss": 0.6527783274650574, "train_acc": 62.02980327606201, "val_loss": 0.6630493998527527, "val_acc": 71.40997314453125}, "44": {"train_loss": 0.6605356832345327, "train_acc": 59.82831788063049, "val_loss": 0.657674252986908, "val_acc": 71.40997314453125}, "45": {"train_loss": 0.6589147560298443, "train_acc": 59.91753466924032, "val_loss": 0.6610478758811951, "val_acc": 71.01934814453125}, "46": {"train_loss": 0.6567985713481903, "train_acc": 61.074942111968994, "val_loss": 0.6653963327407837, "val_acc": 69.56845092773438}, "47": {"train_loss": 0.6530585711201032, "train_acc": 61.75491897265116, "val_loss": 0.6616606712341309, "val_acc": 71.2797622680664}, "48": {"train_loss": 0.6674541731675466, "train_acc": 60.04774300257365, "val_loss": 0.657034158706665, "val_acc": 72.47024536132812}, "49": {"train_loss": 0.6456681353350481, "train_acc": 62.5687210559845, "val_loss": 0.6605401635169983, "val_acc": 70.75892639160156}, "50": {"train_loss": 0.6494036801159382, "train_acc": 63.53081591924032, "val_loss": 0.6659964919090271, "val_acc": 68.65699768066406}}