{"0": {"train_loss": 0.43145006270177905, "train_acc": 85.98790322580645, "val_loss": 0.6791186928749084, "val_acc": 57.186058044433594}, "1": {"train_loss": 0.05539569156544824, "train_acc": 100.0, "val_loss": 1.0140515565872192, "val_acc": 33.338134765625}, "2": {"train_loss": 0.01853054634205276, "train_acc": 100.0, "val_loss": 0.9747162461280823, "val_acc": 28.974653244018555}, "3": {"train_loss": 0.01794354516952749, "train_acc": 100.0, "val_loss": 0.9036625027656555, "val_acc": 25.77764892578125}, "4": {"train_loss": 0.004051690665824759, "train_acc": 100.0, "val_loss": 0.8737853169441223, "val_acc": 27.908985137939453}}