{"0": {"train_loss": 0.23526415373048476, "train_acc": 98.08467741935483, "val_loss": 0.719447672367096, "val_acc": 40.99942398071289}, "1": {"train_loss": 0.0244283671941488, "train_acc": 100.0, "val_loss": 0.7425318360328674, "val_acc": 36.41992950439453}, "2": {"train_loss": 0.014652077484154893, "train_acc": 100.0, "val_loss": 0.7403585910797119, "val_acc": 41.17223358154297}, "3": {"train_loss": 0.00407930069242514, "train_acc": 100.0, "val_loss": 0.7883790731430054, "val_acc": 33.842166900634766}, "4": {"train_loss": 0.0015032289778783678, "train_acc": 100.0, "val_loss": 1.0147731304168701, "val_acc": 32.31566619873047}}