{"0": {"train_loss": 0.6466474821490626, "train_acc": 62.533602191555886, "val_loss": 0.6604170799255371, "val_acc": 72.83985900878906}, "1": {"train_loss": 0.6320610565523948, "train_acc": 65.69220438311177, "val_loss": 0.6805112361907959, "val_acc": 62.845619201660156}, "2": {"train_loss": 0.6296007575527314, "train_acc": 64.21370967741936, "val_loss": 0.6704334020614624, "val_acc": 64.35771179199219}, "3": {"train_loss": 0.6380325901892877, "train_acc": 64.65053779848161, "val_loss": 0.6534111499786377, "val_acc": 72.35022735595703}, "4": {"train_loss": 0.6401815972020549, "train_acc": 63.743279610910726, "val_loss": 0.657529890537262, "val_acc": 65.16416931152344}}