{"0": {"train_loss": 0.7291785690092272, "train_acc": 52.58736567343435, "val_loss": 0.680514931678772, "val_acc": 59.44700241088867}, "1": {"train_loss": 0.70095484295199, "train_acc": 56.653225806451616, "val_loss": 0.6699921488761902, "val_acc": 64.89054870605469}, "2": {"train_loss": 0.6885068647323116, "train_acc": 56.92204309278919, "val_loss": 0.6584298014640808, "val_acc": 69.81566619873047}, "3": {"train_loss": 0.6650880017588215, "train_acc": 59.91263457267515, "val_loss": 0.6713166832923889, "val_acc": 62.05356979370117}, "4": {"train_loss": 0.6579875849908398, "train_acc": 61.92876348187846, "val_loss": 0.6482421159744263, "val_acc": 74.26554870605469}}