{"1": {"train_loss": 0.7090099742335658, "train_acc": 55.88877690222956, "val_loss": 0.6150203347206116, "val_acc": 76.94412231445312}, "2": {"train_loss": 0.6667427435036628, "train_acc": 60.00504032258065, "val_loss": 0.6656577587127686, "val_acc": 61.34792709350586}, "3": {"train_loss": 0.6580312004493128, "train_acc": 62.2563844496204, "val_loss": 0.6849926710128784, "val_acc": 58.51094055175781}, "4": {"train_loss": 0.676472661956664, "train_acc": 61.50033606252363, "val_loss": 0.5707691311836243, "val_acc": 70.55010986328125}, "5": {"train_loss": 0.6715183654619802, "train_acc": 64.10450270868117, "val_loss": 0.6118456721305847, "val_acc": 71.06854248046875}, "6": {"train_loss": 0.6923330714625697, "train_acc": 62.28158606252363, "val_loss": 0.6501448750495911, "val_acc": 64.6601333618164}, "7": {"train_loss": 0.6972131046556658, "train_acc": 62.02116935483871, "val_loss": 0.6440647840499878, "val_acc": 62.11117172241211}, "8": {"train_loss": 0.7041430206548783, "train_acc": 62.06317206351988, "val_loss": 0.6629907488822937, "val_acc": 59.9222297668457}, "9": {"train_loss": 0.7192867056977365, "train_acc": 60.99630377369542, "val_loss": 0.5712903738021851, "val_acc": 75.53282928466797}, "10": {"train_loss": 0.7114185818260715, "train_acc": 61.71034948287472, "val_loss": 0.634077250957489, "val_acc": 66.17223358154297}, "11": {"train_loss": 0.7171982577250849, "train_acc": 62.029569933491366, "val_loss": 0.7152620553970337, "val_acc": 53.41301727294922}, "12": {"train_loss": 0.7426864502410735, "train_acc": 61.265120967741936, "val_loss": 0.6968449354171753, "val_acc": 51.84331512451172}, "13": {"train_loss": 0.7370017319917679, "train_acc": 60.9375, "val_loss": 0.47707316279411316, "val_acc": 76.94412231445312}, "14": {"train_loss": 0.7529778141648539, "train_acc": 60.55107528932633, "val_loss": 0.6036426424980164, "val_acc": 70.17568969726562}, "15": {"train_loss": 0.7400894532761266, "train_acc": 61.83635754739085, "val_loss": 0.8333048820495605, "val_acc": 38.248844146728516}, "16": {"train_loss": 0.7665024808337612, "train_acc": 59.332997352846206, "val_loss": 0.7839305996894836, "val_acc": 40.69700622558594}, "17": {"train_loss": 0.750819186049123, "train_acc": 61.00470432158439, "val_loss": 0.5682903528213501, "val_acc": 72.68144989013672}, "18": {"train_loss": 0.7381621224264945, "train_acc": 62.20598122381395, "val_loss": 0.5891444683074951, "val_acc": 73.97753143310547}, "19": {"train_loss": 0.73309625685215, "train_acc": 62.079973128534135, "val_loss": 0.5756090879440308, "val_acc": 73.4302978515625}, "20": {"train_loss": 0.7510300201754416, "train_acc": 61.113911290322584, "val_loss": 0.7124462127685547, "val_acc": 51.65610122680664}, "21": {"train_loss": 0.7545801836156076, "train_acc": 59.94623657964891, "val_loss": 0.7435241937637329, "val_acc": 48.934329986572266}, "22": {"train_loss": 0.7775718581772619, "train_acc": 59.87903225806452, "val_loss": 0.5512216091156006, "val_acc": 73.34388732910156}, "23": {"train_loss": 0.7638423380351835, "train_acc": 59.76982528932633, "val_loss": 0.6505585312843323, "val_acc": 63.176841735839844}, "24": {"train_loss": 0.7595246232325031, "train_acc": 60.88709677419355, "val_loss": 0.8636156916618347, "val_acc": 32.042049407958984}, "25": {"train_loss": 0.7689627187867318, "train_acc": 61.36592741935484, "val_loss": 0.9480994343757629, "val_acc": 30.645160675048828}, "26": {"train_loss": 0.8003610540782252, "train_acc": 59.610215094781694, "val_loss": 0.9832175970077515, "val_acc": 32.54608154296875}, "27": {"train_loss": 0.7654434572304448, "train_acc": 60.62668012803601, "val_loss": 0.6710578203201294, "val_acc": 58.410133361816406}, "28": {"train_loss": 0.7542702375400451, "train_acc": 60.055443548387096, "val_loss": 0.760939359664917, "val_acc": 41.51785659790039}, "29": {"train_loss": 0.7737368739420368, "train_acc": 60.761088709677416, "val_loss": 0.6051344275474548, "val_acc": 66.01382446289062}, "30": {"train_loss": 0.7808845790643846, "train_acc": 59.83702958014704, "val_loss": 0.776147186756134, "val_acc": 45.52131271362305}}