{"1": {"train_loss": 0.6908727288246155, "train_acc": 52.411684782608695, "val_loss": 0.6718262434005737, "val_acc": 55.46255111694336}, "2": {"train_loss": 0.6308043702788975, "train_acc": 72.62228260869566, "val_loss": 0.6073690056800842, "val_acc": 80.23189544677734}, "3": {"train_loss": 0.5352631470431453, "train_acc": 91.10054347826087, "val_loss": 0.5687957406044006, "val_acc": 86.79563903808594}, "4": {"train_loss": 0.41577771176462586, "train_acc": 98.60733695652173, "val_loss": 0.5525482892990112, "val_acc": 86.79563903808594}, "5": {"train_loss": 0.2782239849152772, "train_acc": 99.96603260869566, "val_loss": 0.5384837985038757, "val_acc": 81.41616821289062}, "6": {"train_loss": 0.1706135745929635, "train_acc": 100.0, "val_loss": 0.5075042247772217, "val_acc": 81.73363494873047}, "7": {"train_loss": 0.10196400530960249, "train_acc": 100.0, "val_loss": 0.4914071559906006, "val_acc": 81.76216125488281}, "8": {"train_loss": 0.06393486293761627, "train_acc": 100.0, "val_loss": 0.48723864555358887, "val_acc": 80.53323364257812}, "9": {"train_loss": 0.04217078164219856, "train_acc": 100.0, "val_loss": 0.46807748079299927, "val_acc": 81.00942993164062}, "10": {"train_loss": 0.02959346552581891, "train_acc": 100.0, "val_loss": 0.46065598726272583, "val_acc": 81.16815948486328}, "11": {"train_loss": 0.022283106313451477, "train_acc": 100.0, "val_loss": 0.46329617500305176, "val_acc": 81.26984405517578}, "12": {"train_loss": 0.01704653401089751, "train_acc": 100.0, "val_loss": 0.45386558771133423, "val_acc": 81.40005493164062}, "13": {"train_loss": 0.01339970278027265, "train_acc": 100.0, "val_loss": 0.4524669051170349, "val_acc": 80.82217407226562}, "14": {"train_loss": 0.010729942997188671, "train_acc": 100.0, "val_loss": 0.4500436782836914, "val_acc": 80.66344451904297}, "15": {"train_loss": 0.008890536735239237, "train_acc": 100.0, "val_loss": 0.44691452383995056, "val_acc": 80.56175994873047}, "16": {"train_loss": 0.007473657170877508, "train_acc": 100.0, "val_loss": 0.44496554136276245, "val_acc": 80.66344451904297}, "17": {"train_loss": 0.006275764018621134, "train_acc": 100.0, "val_loss": 0.44858646392822266, "val_acc": 80.73661041259766}, "18": {"train_loss": 0.005365091861914034, "train_acc": 100.0, "val_loss": 0.4472035765647888, "val_acc": 80.63491821289062}, "19": {"train_loss": 0.004590903550548398, "train_acc": 100.0, "val_loss": 0.4434022903442383, "val_acc": 80.63491821289062}, "20": {"train_loss": 0.004085482462592747, "train_acc": 100.0, "val_loss": 0.4513363540172577, "val_acc": 80.34598541259766}, "21": {"train_loss": 0.0036098927299937477, "train_acc": 100.0, "val_loss": 0.4440958499908447, "val_acc": 80.37450408935547}, "22": {"train_loss": 0.0031527039979625006, "train_acc": 100.0, "val_loss": 0.4504261612892151, "val_acc": 79.85366821289062}, "23": {"train_loss": 0.0028547740885582957, "train_acc": 100.0, "val_loss": 0.44797179102897644, "val_acc": 80.11408996582031}, "24": {"train_loss": 0.0025128182428686514, "train_acc": 100.0, "val_loss": 0.4455347955226898, "val_acc": 80.37450408935547}, "25": {"train_loss": 0.0022712741654528222, "train_acc": 100.0, "val_loss": 0.4464205205440521, "val_acc": 79.98387908935547}}