{"1": {"train_loss": 0.6837949752807617, "train_acc": 55.84239130434783, "val_loss": 0.636979341506958, "val_acc": 75.30010223388672}, "2": {"train_loss": 0.6197467031686202, "train_acc": 74.35461956521739, "val_loss": 0.5711385607719421, "val_acc": 88.6185531616211}, "3": {"train_loss": 0.5218724971232207, "train_acc": 91.06657608695652, "val_loss": 0.5370318293571472, "val_acc": 90.6572494506836}, "4": {"train_loss": 0.3963858472264331, "train_acc": 98.02989130434783, "val_loss": 0.5344489812850952, "val_acc": 88.7202377319336}, "5": {"train_loss": 0.26340080279371014, "train_acc": 99.35461956521739, "val_loss": 0.5632894039154053, "val_acc": 87.12921142578125}, "6": {"train_loss": 0.15856446811686392, "train_acc": 99.96603260869566, "val_loss": 0.5778913497924805, "val_acc": 86.16072082519531}, "7": {"train_loss": 0.09493780006533084, "train_acc": 100.0, "val_loss": 0.5924907922744751, "val_acc": 83.65823364257812}, "8": {"train_loss": 0.05851531304095103, "train_acc": 100.0, "val_loss": 0.6188251972198486, "val_acc": 76.71627044677734}, "9": {"train_loss": 0.037949059806440186, "train_acc": 100.0, "val_loss": 0.6224686503410339, "val_acc": 76.16691589355469}, "10": {"train_loss": 0.02654312656301519, "train_acc": 100.0, "val_loss": 0.6273314356803894, "val_acc": 72.79762268066406}, "11": {"train_loss": 0.01973222657714201, "train_acc": 100.0, "val_loss": 0.6318617463111877, "val_acc": 67.7356185913086}, "12": {"train_loss": 0.014887915033361187, "train_acc": 100.0, "val_loss": 0.6325895190238953, "val_acc": 67.38963317871094}, "13": {"train_loss": 0.011820549671740635, "train_acc": 100.0, "val_loss": 0.6168481111526489, "val_acc": 70.55555725097656}, "14": {"train_loss": 0.009483726735672226, "train_acc": 100.0, "val_loss": 0.6142256259918213, "val_acc": 69.5870590209961}, "15": {"train_loss": 0.0077714945959008255, "train_acc": 100.0, "val_loss": 0.6045675277709961, "val_acc": 72.21974182128906}, "16": {"train_loss": 0.006470878365571084, "train_acc": 100.0, "val_loss": 0.6057271957397461, "val_acc": 71.30828857421875}, "17": {"train_loss": 0.005515268315439639, "train_acc": 100.0, "val_loss": 0.6290613412857056, "val_acc": 68.04067993164062}, "18": {"train_loss": 0.004744782517461673, "train_acc": 100.0, "val_loss": 0.625870406627655, "val_acc": 67.67857360839844}, "19": {"train_loss": 0.004033079826394501, "train_acc": 100.0, "val_loss": 0.5956035852432251, "val_acc": 72.21974182128906}, "20": {"train_loss": 0.003514553258276504, "train_acc": 100.0, "val_loss": 0.629724383354187, "val_acc": 68.17088317871094}, "21": {"train_loss": 0.003128386629016503, "train_acc": 100.0, "val_loss": 0.6391355991363525, "val_acc": 64.59822082519531}, "22": {"train_loss": 0.002717793301638702, "train_acc": 100.0, "val_loss": 0.6256483793258667, "val_acc": 68.09771728515625}, "23": {"train_loss": 0.0024671846312349257, "train_acc": 100.0, "val_loss": 0.6292224526405334, "val_acc": 66.89732360839844}, "24": {"train_loss": 0.002171312990274442, "train_acc": 100.0, "val_loss": 0.6318715214729309, "val_acc": 66.50669860839844}, "25": {"train_loss": 0.0019583186063834505, "train_acc": 100.0, "val_loss": 0.621086061000824, "val_acc": 67.54837036132812}}